<?xml version="1.0" encoding="UTF-8" standalone="yes"?>
<addon id="xbmc-vk.svoka.com"
       name="VKontakte Search"
       version="0.1"
       provider-name="shchvova">
  <requires>
    <import addon="xbmc.python" version="1.0"/>
  </requires>
  <extension point="xbmc.python.pluginsource"
             provides="video"
             library="default.py">
    <provides>video</provides>
  </extension>
  <extension point="xbmc.addon.metadata">
    <summary>Видео с сайта http://vkontakte.ru/</summary>
    <description>Видео с сайта http://vkontakte.ru/</description>
    <platform>all</platform>
  </extension>
</addon>
